visit_id,site_nr,sitename,element_type,visited,result,element_text,element_css,iframe_css,location_x,location_y,text_color,background_color,width,height,font_size
537868800179,1107,nu.nl,0,1,No cookie dialog found during visit,,NULL,NULL,NULL,NULL,NULL,NULL,NULL,NULL,NULL
493526822342,1153,telegraaf.nl,0,1,Normal visit,"Cookies en dataverzameling op De Telegraaf  Mediahuis (wij) en onze partners gebruiken technologieën zoals cookies om (persoons)gegevens - online identificatienummers (bijv. IP-adres, accountnummer), niet-precieze locatie en informatie over je browser, besturingssysteem, apparaat en je gebruik van dit domein – te bewaren en gebruiken voor de volgende doeleinden: Advertentie- en contentmeting, inzichten in het publiek en productontwikkeling; Gepersonaliseerde content; Gepersonaliseerde advertenties; Sociale media functionaliteit. Wanneer je bent ingelogd, koppelen we deze gegevens aan je accountgegevens voor deze doeleinden. Ook delen wij deze gegevens met gelieerde partijen binnen de Mediahuis-groep, om gezamenlijke groepsprofielen op te stellen. Door op ""Akkoord"" te klikken, ga je hiermee akkoord. Wil je niet alle doeleinden toestaan, klik dan op “Stel voorkeuren in”. Je kan deze op elk moment aanpassen via je privacy-instellingen. Wij zullen jouw voorkeuren – voor welke doeleinden en partners je toestem",,,703,59,"rgba(0, 0, 0, 1)","rgba(0, 0, 0, 0)",498,815.656,815.656
493526822342,1153,telegraaf.nl,1,1,Normal visit,Akkoord,button.didomi-components-button.didomi-button.didomi-dismiss-button.didomi-components-button--color.didomi-button-highlight.highlight-button,,957,834,"rgba(255, 255, 255, 1)","rgba(47, 81, 149, 1)",200,40,40
638474461612,1153,telegraaf.nl,4,1,Normal visit,Stel voorkeuren in,button.didomi-components-button.didomi-button.didomi-learn-more-button.didomi-button-standard.standard-button,,747,834,"rgba(68, 68, 68, 1)","rgba(238, 238, 238, 1)",200,40,40
882573006747,1164,google.nl,0,1,Normal visit,"NL Inloggen Voordat je verdergaat naar Google We gebruiken cookies en gegevens voor het volgende: Google-services leveren en onderhouden Uitval bijhouden en bescherming bieden tegen spam, fraude en misbruik Doelgroepbetrokkenheid en sitestatistieken meten om inzicht te krijgen in hoe onze services worden gebruikt en de kwaliteit van die services te verbeteren Als je Alles accepteren kiest, gebruiken we cookies en gegevens ook voor het volgende: Nieuwe services ontwikkelen en verbeteren Advertenties laten zien en de effectiviteit ervan meten Gepersonaliseerde content laten zien (afhankelijk van je instellingen) Gepersonaliseerde advertenties laten zien (afhankelijk van je instellingen) Als je Alles afwijzen kiest, gebruiken we cookies niet voor deze aanvullende doeleinden. Niet-gepersonaliseerde content wordt beïnvloed door factoren zoals de content die je op dat moment bekijkt, activiteit in je actieve zoeksessie en je locatie. Niet-gepersonaliseerde advertenties worden beïnvloed door de content die je op",,,552,36,"rgba(31, 31, 31, 1)","rgba(0, 0, 0, 0)",800,848,848
882573006747,1164,google.nl,1,1,Normal visit,Alles accepteren,button.tHlp8d,,943,740,"rgba(31, 31, 31, 1)","rgba(0, 0, 0, 0)",249.516,48,48
288583145248,1164,google.nl,2,1,Normal visit,Alles afwijzen,button.tHlp8d,,712,740,"rgba(31, 31, 31, 1)","rgba(0, 0, 0, 0)",230.828,48,48
320482204360,1164,google.nl,3,1,Normal visit,Meer opties,button.tHlp8d,,907,788,"rgba(31, 31, 31, 1)","rgba(0, 0, 0, 0)",89.1562,48,48
465083364731,1165,ad.nl,0,1,No cookie dialog found during visit,,NULL,NULL,NULL,NULL,NULL,NULL,NULL,NULL,NULL
705377119581,1262,marktplaats.nl,0,1,Normal visit,"Mogen we cookies gebruiken? Om Marktplaats beter voor jou te laten werken, het gebruik van onze app te kunnen analyseren en jou relevante advertenties te kunnen tonen en jou ook buiten onze app te kunnen bereiken, maken wij gebruik van onder andere cookies en gepseudonimiseerde gebruikersdata. Daarnaast maken wij en onze 241 partners gebruik van cookies en vergelijkbare technieken om gepersonaliseerde advertenties en content te leveren, advertentie- en contentmetingen te kunnen doen, doelgroepenonderzoek uit te voeren en diensten te ontwikkelen, informatieve apparaatkenmerken te gebruiken en je precieze geolocatie te bepalen.  Door op “Accepteren” te klikken ga je hiermee akkoord voor onze website. Weigeren kan door op onderstaande link te klikken. Je kunt je toestemming later weer intrekken of wijzigen via de app instellingen.  Meer weten? Lees onze FAQ, cookiebeleid en onze privacyverklaring.  Doorgaan zonder te accepteren Instellingen Accepteren",,iframe#sp_message_iframe_1278200,0,0,"rgba(0, 0, 0, 1)","rgba(0, 0, 0, 0)",1904,933,933
705377119581,1262,marktplaats.nl,1,1,Normal visit,Accepteren,button.message-component.message-button.no-children.focusable.primary.sp_choice_type_11.last-focusable-el,iframe#sp_message_iframe_1278200,1099,685,"rgba(255, 255, 255, 1)","rgba(17, 109, 180, 1)",147.016,48,48
35806732573,1262,marktplaats.nl,2,1,Normal visit,Doorgaan zonder te accepteren,button.message-component.message-button.no-children.focusable.cwa.sp_choice_type_SE,iframe#sp_message_iframe_1278200,658,647,"rgba(17, 109, 180, 1)","rgba(255, 255, 255, 1)",222.812,19,19
799244697168,1262,marktplaats.nl,3,1,Normal visit,Instellingen,button.message-component.message-button.no-children.focusable.secondary.sp_choice_type_12,iframe#sp_message_iframe_1278200,936,685,"rgba(17, 109, 180, 1)","rgba(0, 0, 0, 0)",151.266,48,48
256533209297,5706,thinkific.com,0,1,Normal visit,"Cookies Button By clicking “Accept All Cookies”, you agree to the storing of cookies on your device to enhance site navigation, analyze site usage, and assist in our marketing efforts. Cookie Policy Accept All Cookies Reject All Cookies Settings",,,80,675,"rgba(0, 0, 0, 1)","rgba(0, 0, 0, 0)",1415.25,226.328,226.328
256533209297,5706,thinkific.com,1,1,Normal visit,Accept All Cookies,button,,1070,711,"rgba(255, 255, 255, 1)","rgba(26, 54, 93, 1)",170.594,45.0469,45.0469
513488438305,5706,thinkific.com,2,1,Normal visit,Reject All,button,,1076,765,"rgba(255, 255, 255, 1)","rgba(26, 54, 93, 1)",160,45.0469,45.0469
222798445676,5706,thinkific.com,3,1,Normal visit,Cookies Settings,button,,1076,820,"rgba(26, 54, 93, 1)","rgba(255, 255, 255, 1)",160,45.0469,45.0469
786384251544,6000,ucalgary.ca,0,1,Normal visit,"This site uses cookies. By continuing, you're agreeing to the use of cookies outlined in our Website Terms & Conditions. Close",,,382,852,"rgba(255, 255, 255, 1)","rgba(0, 0, 0, 0)",1122,50,50
786384251544,6000,ucalgary.ca,1,1,Normal visit,Close,button.agree-button.eu-cookie-compliance-default-button,,1400,852,"rgba(255, 255, 255, 1)","rgba(0, 0, 0, 0)",104.688,50,50
201829047548,10309,nuancemobility.net,0,1,# Skipped because can't be reached,,,,,,,,,,
736565072973,13994,exploretock.com,0,1,Normal visit,"Select ""Accept"" to agree to Tock's use of cookies and similar technologies to enhance your browsing experience, security, analytics, customization and personalized advertising. Select ""Manage settings"" to make more granular choices. You can read more in our Privacy Policy. Manage settings Accept Reject All",,,0,772,"rgba(43, 43, 43, 1)","rgba(43, 43, 43, 1)",1887,160.75,160.75
736565072973,13994,exploretock.com,1,1,Normal visit,Accept,button.truste-button2,,1629,848,"rgba(43, 43, 43, 1)","rgba(255, 255, 255, 1)",98.0625,48,48
655360358979,13994,exploretock.com,2,1,Normal visit,Reject All,button.truste-button2,,1739,848,"rgba(43, 43, 43, 1)","rgba(255, 255, 255, 1)",117.516,48,48
205289152464,13994,exploretock.com,3,1,Normal visit,Manage settings,button.truste-button1,,1468,848,"rgba(255, 255, 255, 1)","rgba(0, 0, 0, 0)",137.609,55,55
647858577377,14440,abcactionnews.com,0,1,Normal visit,"X Privacy Notice We and our partners (such as advertisers and analysis firms) use tracking technology on our websites and apps to offer you a more personalized experience and enable interest-based advertising. Unless you opt out, data that may identify you (e.g. your IP address, general location) and the content you view will be collected and used as described in our privacy policy. If you wish to opt out, please make the appropriate selection. You may also contact us with any questions as described in our privacy policy. Preferences Accept",,iframe#sp_message_iframe_1280240,0,0,"rgba(0, 0, 0, 1)","rgba(0, 0, 0, 0)",1904,201,201
647858577377,14440,abcactionnews.com,1,1,Normal visit,Accept,button.message-component.message-button.no-children.focusable.sp_choice_type_11,iframe#sp_message_iframe_1280240,1795,131,"rgba(68, 68, 68, 1)","rgba(255, 255, 255, 1)",82.6875,40,40
469608455885,14440,abcactionnews.com,3,1,Normal visit,Preferences,button.message-component.message-button.no-children.focusable.sp_choice_type_12,iframe#sp_message_iframe_1280240,1659,131,"rgba(68, 68, 68, 1)","rgba(255, 255, 255, 1)",116.172,40,40
872045123823,15227,envisacor.com,0,1,No cookie dialog found during visit,,NULL,NULL,NULL,NULL,NULL,NULL,NULL,NULL,NULL
655640280559,16015,dnset.com,0,1,No cookie dialog found during visit,,NULL,NULL,NULL,NULL,NULL,NULL,NULL,NULL,NULL
118711297064,16072,nmgassets.com,0,1,No cookie dialog found during visit,,NULL,NULL,NULL,NULL,NULL,NULL,NULL,NULL,NULL
153321875314,16504,fansided.com,0,1,Normal visit,"Met je akkoord gebruiken wij en onze 311 partners cookies of vergelijkbare technologieën om persoonlijke gegevens zoals je bezoek aan deze website, IP-adressen en cookie-identificatoren op te slaan, te openen en te verwerken. Sommige partners vragen je toestemming niet om je gegevens te verwerken en vertrouwen op hun rechtmatige zakelijke belangen. Je kunt je toestemming te allen tijde intrekken of bezwaar maken tegen gegevensverwerking op basis van rechtmatig belang door op 'Meer informatie' te klikken of in ons privacybeleid op deze website. Onze partners en wij verwerken als volgt gegevens: Beperkte gegevens gebruiken om advertenties te selecteren, Beperkte gegevens gebruiken om content te selecteren, Contentprestaties meten, De apparaatkenmerken actief scannen ter identificatie, De prestaties van advertenties meten, Diensten ontwikkelen en verbeteren, Informatie op een apparaat opslaan en/of openen, Opslag en toegang tot geolocatie-informatie om marketingonderzoek uit te voeren, Opslag en toegang tot ",,,678,222,"rgba(51, 51, 51, 1)","rgba(0, 0, 0, 0)",548,488.234,488.234
153321875314,16504,fansided.com,1,1,Normal visit,Akkoord en sluiten,button.didomi-components-button.didomi-button.didomi-dismiss-button.didomi-components-button--color.didomi-button-highlight.highlight-button,,957,671,"rgba(255, 255, 255, 1)","rgba(5, 104, 123, 1)",200,40,40
209937362770,16504,fansided.com,3,1,Normal visit,Beperkte gegevens gebruiken om advertenties te selecteren,span,,678,451,"rgba(82, 110, 122, 1)","rgba(0, 0, 0, 0)",auto,auto,auto
296164256887,17843,my2n.com,0,1,Normal visit,"This website uses cookies to improve site navigation, perform analytics and research, and conduct advertising. You can change your preferences below. You can revoke your consent at any time without any future consequences. Cookies policy ACCEPT ALL SETTINGS",,,1585,646,"rgba(0, 0, 0, 0.87)","rgba(0, 0, 0, 0)",284,268.5,268.5
296164256887,17843,my2n.com,1,1,Normal visit,ACCEPT ALL,button.MuiButtonBase-root.MuiButton-root.MuiButton-contained.MuiButton-containedPrimary.MuiButton-sizeMedium.MuiButton-containedSizeMedium.MuiButton-root.MuiButton-contained.MuiButton-containedPrimary.MuiButton-sizeMedium.MuiButton-containedSizeMedium.css-mhdp3w,,1601,878,"rgba(255, 255, 255, 1)","rgba(0, 121, 199, 1)",116.406,36.5,36.5
437156900062,17843,my2n.com,3,1,Normal visit,SETTINGS,button.MuiButtonBase-root.MuiButton-root.MuiButton-text.MuiButton-textPrimary.MuiButton-sizeMedium.MuiButton-textSizeMedium.MuiButton-root.MuiButton-text.MuiButton-textPrimary.MuiButton-sizeMedium.MuiButton-textSizeMedium.css-z58g73,,1733,878,"rgba(0, 121, 199, 1)","rgba(0, 0, 0, 0)",84.8125,36.5,36.5
469050156100,19030,gx.me,0,1,Normal visit,Cookies We are always working to improve your experience on our website. Part of this involves using cookies to collect anonymous data for statistics and personalization. Further information can be found in our Privacy Statement and Cookies Policy. Accept selection Manage cookies,,,694,292,"rgba(255, 255, 255, 1)","rgba(0, 0, 0, 0)",500,350,350
10284647725,19030,gx.me,3,1,Normal visit,Manage cookies,button.gxbtn-md.gxbtn-secondary,,718,570,"rgba(255, 255, 255, 1)","rgba(74, 62, 101, 1)",452,47,47
503274070193,19030,gx.me,4,1,Normal visit,Accept selection,button.gxbtn-md.gxbtn-primary,,718,500,"rgba(255, 255, 255, 1)","rgba(200, 24, 62, 1)",452,47,47
40266185140,19137,moe.edu.cn,0,1,Message: unknown error: net::ERR_CONNECTION_TIMED_OUT   (Session info: chrome=134.0.6998.119) Stacktrace: 	GetHandleVerifier [0x00007FF715244C25+3179557] 	(No symbol) [0x00007FF714EA88A0] 	(No symbol) [0x00007FF714D391CA] 	(No symbol) [0x00007FF714D35B57] 	(No symbol) [0x00007FF714D268E9] 	(No symbol) [0x00007FF714D28658] 	(No symbol) [0x00007FF714D26BF6] 	(No symbol) [0x00007FF714D26676] 	(No symbol) [0x00007FF714D2633A] 	(No symbol) [0x00007FF714D23EC2] 	(No symbol) [0x00007FF714D247AC] 	(No symbol) [0x00007FF714D3D01A] 	(No symbol) [0x00007FF714DE11AE] 	(No symbol) [0x00007FF714DB7C2A] 	(No symbol) [0x00007FF714DE02F3] 	(No symbol) [0x00007FF714DB7A03] 	(No symbol) [0x00007FF714D806D0] 	(No symbol) [0x00007FF714D81983] 	GetHandleVerifier [0x00007FF7152A67CD+3579853] 	GetHandleVerifier [0x00007FF7152BD1D2+3672530] 	GetHandleVerifier [0x00007FF7152B2153+3627347] 	GetHandleVerifier [0x00007FF71501092A+868650] 	(No symbol) [0x00007FF714EB2FFF] 	(No symbol) [0x00007FF714EAF4A4] 	(No symbol) [0x00007FF714EAF,NULL,NULL,NULL,NULL,NULL,NULL,NULL,NULL,NULL,NULL
802179668141,19414,xmcsrv.net,0,1,° Timeout during session,,NULL,NULL,NULL,NULL,NULL,NULL,NULL,NULL,NULL
784487989725,19862,mercadoshops.com.br,0,1,Normal visit,Usamos cookies para melhorar sua experiência no Mercado Livre. Consulte mais informações na nossa Central de privacidade. Aceitar cookies Configurar cookies,,,336,868,"rgba(0, 0, 0, 0.9)","rgba(0, 0, 0, 0)",1216,65,65
784487989725,19862,mercadoshops.com.br,1,1,Normal visit,Aceitar cookies,button.cookie-consent-banner-opt-out__action.cookie-consent-banner-opt-out__action--primary.cookie-consent-banner-opt-out__action--key-accept,,1272,884,"rgba(52, 131, 250, 1)","rgba(65, 137, 230, 0.15)",117.266,33,33
905720496113,19862,mercadoshops.com.br,3,1,Normal visit,Configurar cookies,button.cookie-consent-banner-opt-out__action.cookie-consent-banner-opt-out__action--key-customize,,1398,884,"rgba(52, 131, 250, 1)","rgba(65, 137, 230, 0.15)",137.781,33,33
658011287854,20876,uni-konstanz.de,0,1,No cookie dialog found during visit,,NULL,NULL,NULL,NULL,NULL,NULL,NULL,NULL,NULL
246302709927,21162,mahadiscom.in,0,1,# Skipped unreadable,"महाराष्ट्र राज्य  विद्युत  वितरण कंपनी मर्यादित मुख्य विषयाकडे जा | दिशादर्शकाकडे जा | English मिस्ड कॉल सेवा राष्ट्रीय टोल-फ्री महावितरण टोल-फ्री ०२२५०८९७१०० १९१२/१९१२० १८००-२३३-३४३५ १८००-२१२-३४३५ मुख्य पृष्ठ महावितरण विषयी वीज नियोजन नियमन आणि धोरणे माहितीचा अधिकार >>Demand Catered on 14/03/2025 : 23516 MW>>Maximum Demand Catered During the Month Mar-25 [13/03/2025] : 26510 MW ग्राहक पुरवठादार कर्मचारी सुविधा बातम्या व ताज्या घोषणा Unemployed Civil Engineers Lottery Meeting dtd 27.03.2025 @ 11.00 Hrs for works under Civi... -- March 22, 2025 जलद बिल भरणा Consumer No.    I agree    सावधान! बनावट एसएमएस कडे दुर्लक्ष करा. अज्ञात स्त्रोतांकडून आलेल्या एसएमएस/कॉल/व्हाट्सअँप संदेशांना प्रतिसाद देऊ नका. महावितरण तुम्हाला कोणत्याही व्यक्तीशी संपर्क साधण्यास सांगत नाही महावितरण केवळ VM-MSEDCL / VK-MSEDCL / AM-MSEDCL / JM-MSEDCL सारख्या SENDER ID वरून एसएमएस पाठवते आणि कोणत्याही वैयक्तिक मोबाइल नंबरवरून एसएमएस पाठवत नाही. (SENDER ID मधील पहिली 2 अक्षरे ऑपरेटर आणि स्थान दर्शवितात जिथून संदेश पाठवला जात आहे आणि तो ",NULL,NULL,NULL,NULL,NULL,NULL,NULL,NULL,NULL
435160925130,21331,chatbro.com,0,1,No cookie dialog found during visit,,NULL,NULL,NULL,NULL,NULL,NULL,NULL,NULL,NULL
162160436731,22333,sega.com,0,1,Normal visit,"Your choice regarding cookies on this site. Cookies served by us and our third-party partners help us to deliver and improve our services, and provide personalised ads to support our marketing campaigns. You can manage your cookie preferences using the Civic cookies tool, or read more about our use of cookies at Cookie Policy. I AcceptI Do Not Accept Strictly Necessary Cookies These Cookies are required for the operation of our Websites. They enable basic site functionality such as page navigation and access to secure areas, such as when you sign in to your online account. The Websites cannot function properly without these Cookies. Strictly Necessary Cookies are enabled when you visit our Websites. If you block these Cookies, it may impact your experience when using our Websites. Retention period – max 12 months. Functional and Analytics Cookies Functional and Analytics Cookies help us to improve our Websites by collecting and reporting information on your use of our Websites. This includes analytics and",,,0,0,"rgba(255, 255, 255, 1)","rgba(49, 49, 71, 1)",520,933,933
162160436731,22333,sega.com,1,1,Normal visit,I Accept,button.ccc-notify-button.ccc-link.ccc-tabbable.ccc-accept-button,,24,209,"rgba(255, 255, 255, 1)","rgba(0, 0, 0, 0)",92.9219,44,44
837066951210,22333,sega.com,2,1,Normal visit,I Do Not Accept,button.ccc-notify-button.ccc-link.ccc-tabbable.ccc-reject-button,,125,209,"rgba(255, 255, 255, 1)","rgba(0, 0, 0, 0)",147.172,44,44
941856560556,22333,sega.com,3,1,Normal visit,(Opens in a new window),span.ccc-svg-element,,133,1887,"rgba(255, 255, 255, 1)","rgba(0, 0, 0, 0)",16,16,16
260349060535,22571,takeda.com,0,1,Normal visit,"By clicking “Accept All Cookies”, you agree to the storing of cookies on your device to enhance site navigation, analyze site usage, and assist in our marketing efforts. Cookie Policy Cookies Settings Reject All Accept All Cookies",,,0,864,"rgba(51, 51, 51, 1)","rgba(0, 0, 0, 0)",1887,69.0312,69.0312
260349060535,22571,takeda.com,1,1,Normal visit,Accept All Cookies,button,,1512,877,"rgba(255, 255, 255, 1)","rgba(189, 18, 10, 1)",154.312,39.6094,39.6094
86229789113,22571,takeda.com,2,1,Normal visit,Reject All,button,,1369,877,"rgba(255, 255, 255, 1)","rgba(189, 18, 10, 1)",125,39.6094,39.6094
983353437820,22571,takeda.com,3,1,Normal visit,Cookies Settings,button.cookie-setting-link,,1226,877,"rgba(255, 255, 255, 1)","rgba(0, 0, 0, 1)",125,39.6094,39.6094
214808444595,24880,nekkimobile.ru,0,1,No cookie dialog found during visit,,NULL,NULL,NULL,NULL,NULL,NULL,NULL,NULL,NULL
119382962429,30520,ottvs.com.br,0,1,No cookie dialog found during visit,,NULL,NULL,NULL,NULL,NULL,NULL,NULL,NULL,NULL
517213188212,35697,citynet.net,0,1,No cookie dialog found during visit,,NULL,NULL,NULL,NULL,NULL,NULL,NULL,NULL,NULL
185314858475,37135,orlandoweekly.com,0,1,Normal visit,"We value your privacy We and our partners store and/or access information on a device, such as cookies and process personal data, such as unique identifiers and standard information sent by a device for personalised advertising and content, advertising and content measurement, audience research and services development. With your permission we and our partners may use precise geolocation data and identification through device scanning. You may click to consent to our and our 1471 partners’ processing as described above. Alternatively you may click to refuse to consent or access more detailed information and change your preferences before consenting. Please note that some processing of your personal data may not require your consent, but you have a right to object to such processing. Your preferences will apply to this website only. You can change your preferences or withdraw your consent at any time by returning to this site and clicking the ""Privacy"" button at the bottom of the webpage. Please note that ",,,567,243,"rgba(20, 30, 35, 1)","rgba(255, 255, 255, 1)",770,447,447
185314858475,37135,orlandoweekly.com,1,1,Normal visit,AGREE,button.css-47sehv,,1079,632,"rgba(255, 255, 255, 1)","rgba(32, 109, 197, 1)",212.734,40,40
188316131563,37135,orlandoweekly.com,2,1,Normal visit,DISAGREE,button.css-1hy2vtq,,842,632,"rgba(32, 109, 197, 1)","rgba(255, 255, 255, 1)",214.141,40,40
851827047187,37135,orlandoweekly.com,3,1,Normal visit,MORE OPTIONS,button.css-1hy2vtq,,605,632,"rgba(32, 109, 197, 1)","rgba(255, 255, 255, 1)",214.141,40,40
110558252326,42744,autostrade.it,0,1,Normal visit,"Questo sito web utilizza i cookie, anche di terze parti, per finalità diverse. Per saperne di più su come utilizziamo i cookie o per modificare le tue preferenze, clicca su ""Impostazioni cookie"". Facendo click su ""Accetta tutti i cookie"", accetti la memorizzazione di tutte le tipologie di cookie sul tuo dispositivo. Puoi scegliere di mantenere le impostazioni di default, e dunque di non prestare il tuo consenso, chiudendo il presente banner selezionando la X posta in alto a destra oppure facendo click su “Rifiuta tutti” e potrai continuare la navigazione sul sito in assenza dei cookie diversi da quelli tecnici. Per maggiori informazioni puoi consultare la nostra politica sui cookie cliccando sul seguente link Cookie policy Impostazioni cookie Rifiuta tutti Accetta tutti i cookie",,,0,805,"rgba(0, 0, 0, 1)","rgba(0, 0, 0, 0)",1887,127.578,127.578
110558252326,42744,autostrade.it,1,1,Normal visit,Accetta tutti i cookie,button,,1525,847,"rgba(255, 255, 255, 1)","rgba(0, 48, 135, 1)",153.734,41.6094,41.6094
289042022082,42744,autostrade.it,3,1,Normal visit,Impostazioni cookie,button,,1214,847,"rgba(0, 48, 135, 1)","rgba(255, 255, 255, 1)",150.266,41.6094,41.6094
868474489922,42982,trivago.co.uk,0,1,No cookie dialog found during visit,,NULL,NULL,NULL,NULL,NULL,NULL,NULL,NULL,NULL
322836513238,46153,localinfo.jp,0,1,# Skipped because can't be reached,,,,,,,,,,
538854764550,46438,sugarspunrun.com,0,1,No cookie dialog found during visit,,NULL,NULL,NULL,NULL,NULL,NULL,NULL,NULL,NULL
115257836102,48535,9hentai.to,0,1,# Skipped because can't be reached,,,,,,,,,,
674182699017,49765,moqups.com,0,1,Normal visit,"Our website uses cookies to personalize your experience, enhance performance, and inform our marketing. We use our own cookies and some from third parties. Only essential cookies are turned on by default. Allow all cookies Do not allow cookies",,,512,777,"rgba(59, 71, 84, 1)","rgba(255, 255, 255, 1)",864,142.406,142.406
674182699017,49765,moqups.com,1,1,Normal visit,Allow all cookies,button.btn.btn-promo.btn-sm.consent-accept.mr-1,,535,861,"rgba(255, 255, 255, 0.92)","rgba(34, 39, 47, 1)",146.281,39.8125,39.8125
174414735914,49765,moqups.com,2,1,Normal visit,Do not allow cookies,button.btn.btn-text.btn-sm.consent-deny,,695,861,"rgba(59, 71, 84, 1)","rgba(0, 0, 0, 0)",175.781,39.8125,39.8125
171706119427,50057,scribblestring.com,0,1,No cookie dialog found during visit,,NULL,NULL,NULL,NULL,NULL,NULL,NULL,NULL,NULL
784981421022,50936,rapidfiretools.com,0,1,Normal visit,"Your Cookie Options By clicking “Accept All Cookies”, you agree to the storing of cookies on your device to enhance site navigation, analyze site usage, and assist in our marketing efforts. Accept All Cookies Edit Cookies Settings",,,626,93,"rgba(0, 0, 0, 1)","rgba(0, 0, 0, 0)",650,217.234,217.234
784981421022,50936,rapidfiretools.com,1,1,Normal visit,Accept All Cookies,button,,950,238,"rgba(255, 255, 255, 1)","rgba(56, 96, 190, 1)",135,41.9219,41.9219
685011205246,50936,rapidfiretools.com,3,1,Normal visit,Edit Cookies Settings,button.cookie-setting-link,,804,238,"rgba(56, 96, 190, 1)","rgba(255, 255, 255, 1)",135,39.9219,39.9219
379661073491,54227,invoicehome.com,0,1,No cookie dialog found during visit,,NULL,NULL,NULL,NULL,NULL,NULL,NULL,NULL,NULL
832359397703,56010,myworldgo.com,0,1,Normal visit,This website uses cookies to ensure you get the best experience on our website. To learn more about our privacy policy Click here Privacy Preferences I Agree,,,0,869,"rgba(85, 85, 85, 1)","rgba(0, 0, 0, 0.9)",1787,40,40
832359397703,56010,myworldgo.com,1,1,Normal visit,I Agree,button,,1702,884,"rgba(255, 255, 255, 1)","rgba(97, 157, 190, 1)",102.125,34,34
198161000527,57053,goodyear.eu,0,1,Normal visit,"By clicking “Accept All Cookies”, you agree to the storing of cookies on your device to enhance site navigation, analyze site usage, and assist in our marketing efforts. Cookies Settings Reject All Accept All Cookies",,,634,93,"rgba(39, 39, 39, 1)","rgba(0, 0, 0, 0)",650,176.047,176.047
198161000527,57053,goodyear.eu,1,1,Normal visit,Accept All Cookies,button,,1119,192,"rgba(0, 33, 105, 1)","rgba(255, 221, 0, 1)",135,41.9219,41.9219
411710563636,57053,goodyear.eu,2,1,Normal visit,Reject All,button,,970,192,"rgba(0, 33, 105, 1)","rgba(255, 221, 0, 1)",135,41.9219,41.9219
222639265689,57053,goodyear.eu,3,1,Normal visit,Cookies Settings,button.cookie-setting-link,,664,192,"rgba(255, 255, 255, 1)","rgba(0, 33, 105, 1)",135,39.9219,39.9219
790276669818,58830,cctvpic.com,0,1,Message: unknown error: net::ERR_CONNECTION_RESET   (Session info: chrome=134.0.6998.119) Stacktrace: 	GetHandleVerifier [0x00007FF715244C25+3179557] 	(No symbol) [0x00007FF714EA88A0] 	(No symbol) [0x00007FF714D391CA] 	(No symbol) [0x00007FF714D35B57] 	(No symbol) [0x00007FF714D268E9] 	(No symbol) [0x00007FF714D28658] 	(No symbol) [0x00007FF714D26BF6] 	(No symbol) [0x00007FF714D26676] 	(No symbol) [0x00007FF714D2633A] 	(No symbol) [0x00007FF714D23EC2] 	(No symbol) [0x00007FF714D247AC] 	(No symbol) [0x00007FF714D3D01A] 	(No symbol) [0x00007FF714DE11AE] 	(No symbol) [0x00007FF714DB7C2A] 	(No symbol) [0x00007FF714DE02F3] 	(No symbol) [0x00007FF714DB7A03] 	(No symbol) [0x00007FF714D806D0] 	(No symbol) [0x00007FF714D81983] 	GetHandleVerifier [0x00007FF7152A67CD+3579853] 	GetHandleVerifier [0x00007FF7152BD1D2+3672530] 	GetHandleVerifier [0x00007FF7152B2153+3627347] 	GetHandleVerifier [0x00007FF71501092A+868650] 	(No symbol) [0x00007FF714EB2FFF] 	(No symbol) [0x00007FF714EAF4A4] 	(No symbol) [0x00007FF714EAF646],NULL,NULL,NULL,NULL,NULL,NULL,NULL,NULL,NULL,NULL
406046710450,63058,sgsocket.com,0,1,# Skipped because can't be reached,,,,,,,,,,
162824276419,65282,4tunaporn.com,0,1,No cookie dialog found during visit,,NULL,NULL,NULL,NULL,NULL,NULL,NULL,NULL,NULL
618535746085,68515,freecadweb.org,0,1,No cookie dialog found during visit,,NULL,NULL,NULL,NULL,NULL,NULL,NULL,NULL,NULL
932261666358,69876,promotor.ro,0,1,Normal visit,"Nouă ne pasă ca datele tale personale să rămână confidențiale Noi și partenerii noștri 872 stocăm și/sau accesăm informații pe dispozitivul dvs., precum identificatorii cookie unici pentru prelucrarea datelor cu caracter personal. Puteți accepta sau gestiona preferințele dvs. făcând clic mai jos, respectiv vă puteți opune utilizării unui interes legitim în orice moment pe pagina cu politica de confidențialitate. Aceste alegeri vor fi raportate partenerilor noștri și nu vă vor afecta navigarea.Mai multe detalii Noi si partenerii nostri (retelele de socializare si agentiile de publicitate partenere, precum si furnizorii nostri de servicii de date analitice) prelucram date pentru a permite website-ului sa functioneze, pentru a personaliza continutul si anunturile publicitare afisate in functie de interesele si/sau profilul dvs., pentru a va oferi functionalitati aferente retelelor de socializare si pentru a analiza traficul pe website. Beneficiati de drepturile prevazute de art. 15-22 din GDPR in legatura cu",,,0,606,"rgba(0, 0, 0, 1)","rgba(0, 0, 0, 0)",1887,327.359,327.359
932261666358,69876,promotor.ro,1,1,Normal visit,ACCEPT TOATE,button,,1623,707,"rgba(255, 255, 255, 1)","rgba(191, 20, 26, 1)",125,41.3438,41.3438
129908652810,69876,promotor.ro,4,1,Normal visit,VREAU SA MODIFIC SETARILE INDIVIDUAL,button.cookie-setting-link,,1560,761,"rgba(0, 0, 0, 1)","rgba(255, 255, 255, 1)",238.797,54.6875,54.6875
972740072433,70630,tafsirweb.com,0,1,No cookie dialog found during visit,,NULL,NULL,NULL,NULL,NULL,NULL,NULL,NULL,NULL
16000511974,71716,front-row.jp,0,1,# Skipped unreadable,"FASHION BEAUTY MOVIE/TV MUSIC WELLNESS LIFESTYLE CELEBRITY VIDEO ビリー・アイリッシュ、助手席に乗せたお相手は誰？   LATEST ARTICLE 新作『アベンジャーズ』シリーズにワンダは出演する？エリザベスが回答   世界中から熱視線！オスカー女優のマイキー・マディソンの意外過ぎる素顔とは？   『ウェンズデー』イーニッド役、シーズン2は楽しいシーズンになる   ブリトニー・スピアーズ伝記映画のキャストについて監督が反応   MCUのソー役、家族で日本のメガドンキへ   サブリナ・カーペンターの大ヒット曲「Espresso」、新ドラマ主題歌に決定！栗山千明も絶賛するその理由とは   移民たちが働くレストランで巻き起こる“犯人捜し”と訳あり恋模様――映画『ラ・コシーナ／厨房』日本版予告編解禁   FASHION ティモシー・シャラメ、ボブ・ディランのジャケットを350万円で落札か   ドナテラ・ヴェルサーチェが退任、セレブも続々と反応   人気ブランドのアイコンバッグが「たまごっち」に   『白雪姫』ジャパンプレミアでレイチェルが着用したドレスの秘密   BEAUTY 『ウィキッド』シンシア・エリヴォ、来日中は日本仕様ネイル   マイリー・サイラス、グラミー賞のコスメは全てメイベリン   ビリー・アイリッシュが愛用するメイベリンのアイライナーとは？   カーラ・デルヴィーニュ、美眉を作るコツはヘアスプレー   MOVIE/TV 新作『アベンジャーズ』シリーズにワンダは出演する？エリザベスが回答   世界中から熱視線！オスカー女優のマイキー・マディソンの意外過ぎる素顔とは？   『ウェンズデー』イーニッド役、シーズン2は楽しいシーズンになる   ブリトニー・スピアーズ伝記映画のキャストについて監督が反応   MUSIC サブリナ・カーペンターの大ヒット曲「Espresso」、新ドラマ主題歌に決定！栗山千明も絶賛するその理由とは   8年ぶりの帰還！ザ・ホーンテッド、新作アルバム『ソングス・オブ・ラスト・リゾート』5月リリース＆新曲「ウォーヘッド」配信スタート   名曲「ウォーク・オブ・ライフ」収録！ダイアー・ストレイツ『ブラザーズ・イン・アームス』40周年デラックス盤が登場   カリ・ウチス、新アルバム『Sincerely,』発表！先行シング",NULL,NULL,NULL,NULL,NULL,NULL,NULL,NULL,NULL
550281837430,72068,narasi.tv,0,1,Normal visit,narasi.tv Verifieer dat u een mens bent door de onderstaande actie uit te voeren. narasi.tv moet de beveiliging van uw verbinding beoordelen voordat u verder kunt gaan. Ray ID: 92601c94da1a751f Prestaties en beveiliging door Cloudflare,,,0,0,"rgba(217, 217, 217, 1)","rgba(34, 34, 34, 1)",1904,933,933
48865728404,78986,lpm.org,0,1,No cookie dialog found during visit,,NULL,NULL,NULL,NULL,NULL,NULL,NULL,NULL,NULL
84567665229,80507,goldendev.win,0,1,No cookie dialog found during visit,,NULL,NULL,NULL,NULL,NULL,NULL,NULL,NULL,NULL
647955141551,83731,daimaru-matsuzakaya.jp,0,1,° Timeout during session,,NULL,NULL,NULL,NULL,NULL,NULL,NULL,NULL,NULL
931409700190,86070,childpaths.ie,0,1,No cookie dialog found during visit,,NULL,NULL,NULL,NULL,NULL,NULL,NULL,NULL,NULL
929917274297,89387,taoanhdep.com,0,1,Normal visit,"Tao anh dep asks for your consent to use your personal data to: Personalised advertising and content, advertising and content measurement, audience research and services development Store and/or access information on a device Learn more Your personal data will be processed and information from your device (cookies, unique identifiers, and other device data) may be stored by, accessed by and shared with 132 TCF vendor(s) and 65 ad partner(s), or used specifically by this site or app. Some vendors may process your personal data on the basis of legitimate interest, which you can object to by managing your options below. Look for a link at the bottom of this page to manage or withdraw consent in privacy and cookie settings. Consent Do not consent Manage options",,,688,178,"rgba(0, 0, 0, 1)","rgba(255, 255, 255, 1)",510,575,575
929917274297,89387,taoanhdep.com,1,1,Normal visit,Consent,button.fc-button.fc-cta-consent.fc-primary-button,,956,647,"rgba(0, 0, 0, 1)","rgba(0, 0, 0, 0)",196,38,38
358724563692,89387,taoanhdep.com,2,1,Normal visit,Do not consent,button.fc-button.fc-cta-do-not-consent.fc-secondary-button,,736,647,"rgba(0, 0, 0, 1)","rgba(0, 0, 0, 0)",196,38,38
107803250514,89387,taoanhdep.com,3,1,Normal visit,Manage options,button.fc-button.fc-cta-manage-options,,889,696,"rgba(0, 0, 0, 1)","rgba(0, 0, 0, 0)",108.453,42.5,42.5
521185384166,90708,paste.ee,0,1,No cookie dialog found during visit,,NULL,NULL,NULL,NULL,NULL,NULL,NULL,NULL,NULL
415641571193,91332,charmfling.com,0,1,No cookie dialog found during visit,,NULL,NULL,NULL,NULL,NULL,NULL,NULL,NULL,NULL
822376867295,98774,rockhurst.edu,0,1,Normal visit,"This website uses cookies By accepting, you agree to allow cookies to be stored on your device to enhance site navigation, analyze site usage, and assist in our marketing efforts. Show details              Allow all",,,144,766,"rgba(20, 20, 20, 1)","rgba(0, 0, 0, 0)",1600,143.25,143.25
822376867295,98774,rockhurst.edu,1,1,Normal visit,Allow all,button.CybotCookiebotDialogBodyButton,,1458,766,"rgba(255, 255, 255, 1)","rgba(16, 50, 207, 1)",286,58,58
893120841217,114728,cloudflare.tv,0,1,Normal visit,"Our site uses cookies Like most websites, we use cookies to make our site work the way you expect it to, improve your experience on our site, analyze site usage, and assist in our marketing efforts. By choosing ""Accept All Cookies"", you agree to the storing of all categories of cookies on your device. If you wish to accept or reject some categories of cookies, please click “Cookie Preferences.” Cookie Preferences Reject All Accept All Cookies",,,0,792,"rgba(49, 49, 49, 1)","rgba(0, 0, 0, 0)",1887,123.5,123.5
893120841217,114728,cloudflare.tv,1,1,Normal visit,Accept All Cookies,button,,1518,832,"rgba(255, 255, 255, 1)","rgba(39, 109, 155, 1)",143,41.6094,41.6094
883983956684,114728,cloudflare.tv,2,1,Normal visit,Reject All,button,,1375,832,"rgba(255, 255, 255, 1)","rgba(39, 109, 155, 1)",125,41.6094,41.6094
622741074883,114728,cloudflare.tv,3,1,Normal visit,Cookie Preferences,button.cookie-setting-link,,1232,833,"rgba(74, 146, 191, 1)","rgba(255, 255, 255, 1)",125.812,39.6094,39.6094
109549588192,131300,click-it.me,0,1,No cookie dialog found during visit,,NULL,NULL,NULL,NULL,NULL,NULL,NULL,NULL,NULL
130306566518,190506,wrestling-point.de,0,1,Normal visit,"Deze site vraagt toestemming om uw gegevens te gebruiken Gepersonaliseerde advertenties en content, advertentie- en contentmetingen, doelgroepenonderzoek en ontwikkeling van diensten Informatie op een apparaat opslaan en/of openen Meer informatie Uw persoonsgegevens worden verwerkt en informatie van uw apparaat (cookies, unieke ID's en andere apparaatgegevens) kan worden opgeslagen, geopend door en gedeeld met 132 TCF-leverancier(s) en 65 advertentiepartner(s) of specifiek door deze site of app worden gebruikt. Bepaalde leveranciers kunnen uw persoonsgegevens verwerken op basis van gerechtvaardigd belang. U kunt hiertegen bezwaar maken door uw opties hieronder te beheren. Zoek onderaan deze pagina naar een link om uw toestemming in te trekken of te beheren via de privacy- en cookie-instellingen. Toestemming Opties beheren",,,696,175,"rgba(0, 0, 0, 1)","rgba(255, 255, 255, 1)",510,581,581
130306566518,190506,wrestling-point.de,1,1,"Message: element click intercepted: Element <button class=""fc-button fc-cta-consent fc-primary-button"" role=""button"" aria-label=""Toestemming"" tabindex=""0"">...</button> is not clickable at point (1062, 715). Other element would receive the click: <div class=""fc-help-dialog-overlay""></div>   (Session info: chrome=134.0.6998.119) Stacktrace: 	GetHandleVerifier [0x00007FF715244C25+3179557] 	(No symbol) [0x00007FF714EA88A0] 	(No symbol) [0x00007FF714D391CA] 	(No symbol) [0x00007FF714D97929] 	(No symbol) [0x00007FF714D952E2] 	(No symbol) [0x00007FF714D92381] 	(No symbol) [0x00007FF714D91281] 	(No symbol) [0x00007FF714D82A24] 	(No symbol) [0x00007FF714DB7C2A] 	(No symbol) [0x00007FF714D822D6] 	(No symbol) [0x00007FF714DB7E40] 	(No symbol) [0x00007FF714DE02F3] 	(No symbol) [0x00007FF714DB7A03] 	(No symbol) [0x00007FF714D806D0] 	(No symbol) [0x00007FF714D81983] 	GetHandleVerifier [0x00007FF7152A67CD+3579853] 	GetHandleVerifier [0x00007FF7152BD1D2+3672530] 	GetHandleVerifier [0x00007FF7152B2153+3627347] 	GetHandleV",Toestemming,button.fc-button.fc-cta-consent.fc-primary-button,,964,696,"rgba(0, 0, 0, 1)","rgba(0, 0, 0, 0)",196,38,38
353838778629,190506,wrestling-point.de,3,1,Normal visit,Opties beheren,button.fc-button.fc-cta-manage-options.fc-secondary-button,,744,696,"rgba(0, 0, 0, 1)","rgba(0, 0, 0, 0)",196,38,38
231684684129,192848,netwayweb.net,0,1,No cookie dialog found during visit,,NULL,NULL,NULL,NULL,NULL,NULL,NULL,NULL,NULL
200024890756,197146,plume.com,0,1,Normal visit,"Plume maakt gebruik van cookies en gerelateerde technologieën om gegevens te verzamelen om de gebruikerservaring en de prestaties van de website te verbeteren, inhoud te personaliseren en het delen op sociale media mogelijk te maken. Om deze redenen delen wij de verzamelde gegevens met onze analyse- en advertentiepartners. U kunt alle cookies accepteren, alleen de cookies toestaan die strikt noodzakelijk zijn voor de functionaliteit van de website, of uw voorkeuren beheren door op de optie van uw voorkeur te klikken. Voor meer informatie kunt u ons Cookiebeleidraadplegen. Voorkeuren beheren Alleen strikt noodzakelijk Alles accepteren",,,0,783,"rgba(22, 22, 22, 1)","rgba(0, 0, 0, 0)",1887,150,150
200024890756,197146,plume.com,1,1,Normal visit,Alles accepteren,button,,1591,835,"rgba(22, 22, 22, 1)","rgba(201, 183, 255, 1)",154.938,45.1875,45.1875
151776528207,197146,plume.com,2,1,Normal visit,Alleen strikt noodzakelijk,button,,1349,835,"rgba(22, 22, 22, 1)","rgba(201, 183, 255, 1)",221.578,45.1875,45.1875
785047484592,197146,plume.com,3,1,Normal visit,Voorkeuren beheren,button,,1144,835,"rgba(22, 22, 22, 1)","rgba(255, 255, 255, 1)",185.062,45.1875,45.1875
804659738286,256690,supervin.dk,0,1,Normal visit,"Samtykke Detaljer Om Denne hjemmeside bruger cookies På Supervin.dk anvendes cookies til at optimere websitet og dets funktioner for dermed at skabe øget brugervenlighed, samt i markedsføringsøjemed. Nedenfor kan du læse mere om formålet med cookies på dette website, hvilke cookies vi benytter, og hvordan du sletter dem. Du kan læse mere om brugen af cookies her. Vi informerer dig om, at dine personlige data og cookies kan blive brugt til personalisering af annoncer. Consent Selection Nødvendige Præferencer Statistik Marketing                 Kun nødvendige cookies Tillad valgte OK",,,502,207,"rgba(20, 20, 20, 1)","rgba(0, 0, 0, 0)",900,519.109,519.109
804659738286,256690,supervin.dk,1,1,Normal visit,OK,button.CybotCookiebotDialogBodyButton,,1100,645,"rgba(255, 255, 255, 1)","rgba(16, 50, 207, 1)",280,58,58
283205482792,256690,supervin.dk,2,1,Normal visit,Kun nødvendige cookies,button.CybotCookiebotDialogBodyButton,,524,645,"rgba(20, 20, 20, 1)","rgba(0, 0, 0, 0)",280,58,58
996412630028,256690,supervin.dk,4,1,Normal visit,Tillad valgte,button.CybotCookiebotDialogBodyButton,,812,645,"rgba(20, 20, 20, 1)","rgba(0, 0, 0, 0)",280,58,58
913460069850,259257,gidpro.nl,0,1,Normal visit,"We gebruiken cookies op onze website om u de meest relevante ervaring te bieden door uw voorkeuren en herhaalde bezoeken te onthouden. Door op ""Alles accepteren"" te klikken, stemt u in met het gebruik van ALLE cookies. U kunt echter naar ""Cookie-instellingen"" gaan om gecontroleerde toestemming te geven. Instellingen Alles accepteren",,,10,879,"rgba(51, 51, 51, 1)","rgba(0, 0, 0, 0)",1867,44,44
913460069850,259257,gidpro.nl,1,1,Normal visit,Alles accepteren,a.wt-cli-element.medium.cli-plugin-button.wt-cli-accept-all-btn.cookie_action_close_header.cli_action_button,,1762,886,"rgba(255, 255, 255, 1)","rgba(48, 93, 156, 1)",115,29,29
182270938975,259257,gidpro.nl,3,1,Normal visit,Instellingen,a.wt-cli-element.medium.cli-plugin-button.cli-plugin-main-button.cli_settings_button,,1667,886,"rgba(10, 10, 10, 1)","rgba(222, 223, 224, 1)",86.875,29,29
965867413992,272073,snapboard.jp,0,1,# Skipped unreadable,"お問い合わせ コーディネート投稿で EC＆店舗の売上を伸ばす 月額48,000円から 最短10営業日のスピード導入！ お問い合わせ・お申込みはこちら 2024.05.30 PRESS RELEASE コーディネートスナップ投稿のSNAPBOARD、ユーザーの属性・行動・嗜好に合わせアプローチ可能なBrazeとの連携機能をリリース READ MORE 導入企業 全国の大手企業様にも 多数ご利用いただいております ※一部のみ掲載　※掲載はアルファベット順 and more... SNAPBOARDとは ECサイトにタグを設置するだけ！ コーディネート投稿に関する あらゆる機能が利用可能な販促支援ツール 投稿・表示 ECサイト上でのコーディネート投稿・管理以外にも 様々なSNSの動画掲載も可能 集客 コーディネート投稿を掲載したメルマガや ニュース機能を利用し、ECサイトへの集客を強化 売上分析 コーディネート経由の売上や投稿状況を分析し、 店舗やスタッフごとの貢献度評価に活用 商品情報連携 ECサイトの商品情報を自動で連携し、 コーディネート投稿のアイテムや売上分析として利用が可能 こんなお客様におすすめ ECサイトの 売上をアップしたい 店舗スタッフの 貢献度を見える化したい 新しい接客方法を 導入したい 最近話題のDX化を 促進していきたい 導入メリット EC site ECサイトの売上アップ クオリティーの高い商品写真に加え、親近感のあるコーディネートスナップを表示することで、売上の増加が期待できます。 Staff スタッフの成果アップ スナップボードによる新しい接客方法を確立できます。 また、売上を可視化することで、販売員の評価やモチベーションアップにも活用でき、これまで以上の成果アップが見込めます。 User 顧客体験価値の向上 販売員によるコーディネートをチェックできるので、『こんな風に仕上がるのであれば買ってみたい』と感じでもらうことで、顧客体験価値の向上に繋がります。 Store 実店舗への来店促進 コーディネート投稿を通じて販売員のファン醸成にもなり、ECサイトへの集客だけでなく、店舗への来店促進・売上アップへの貢献も期待できます。 SNAPBOARDが 選ばれる理由 最短10営業日のスピード導入 少人数体制での運用も可能！ タグを任意のページに貼るだけで、どのページでもコーディネートスナッ",NULL,NULL,NULL,NULL,NULL,NULL,NULL,NULL,NULL
821103327068,273355,sportswearcollection.com,0,1,No cookie dialog found during visit,,NULL,NULL,NULL,NULL,NULL,NULL,NULL,NULL,NULL
21587343845,286249,simplysoundandvision.co.uk,0,1,No cookie dialog found during visit,,NULL,NULL,NULL,NULL,NULL,NULL,NULL,NULL,NULL
665536341719,304766,lululemonstore.net,0,1,No cookie dialog found during visit,,NULL,NULL,NULL,NULL,NULL,NULL,NULL,NULL,NULL
285997777746,307217,champinon.info,0,1,Normal visit,"Champinon Info asks for your consent to use your personal data to: Personalised advertising and content, advertising and content measurement, audience research and services development Store and/or access information on a device Learn more Your personal data will be processed and information from your device (cookies, unique identifiers, and other device data) may be stored by, accessed by and shared with 132 TCF vendor(s) and 65 ad partner(s), or used specifically by this site or app. Some vendors may process your personal data on the basis of legitimate interest, which you can object to by managing your options below. Look for a link at the bottom of this page to manage or withdraw consent in privacy and cookie settings. Consent Do not consent Manage options",,,696,178,"rgba(0, 0, 0, 1)","rgba(255, 255, 255, 1)",510,575,575
285997777746,307217,champinon.info,1,1,"Message: element click intercepted: Element <button class=""fc-button fc-cta-consent fc-primary-button"" role=""button"" aria-label=""Consent"" tabindex=""0"">...</button> is not clickable at point (1062, 666). Other element would receive the click: <div class=""fc-help-dialog-overlay""></div>   (Session info: chrome=134.0.6998.119) Stacktrace: 	GetHandleVerifier [0x00007FF715244C25+3179557] 	(No symbol) [0x00007FF714EA88A0] 	(No symbol) [0x00007FF714D391CA] 	(No symbol) [0x00007FF714D97929] 	(No symbol) [0x00007FF714D952E2] 	(No symbol) [0x00007FF714D92381] 	(No symbol) [0x00007FF714D91281] 	(No symbol) [0x00007FF714D82A24] 	(No symbol) [0x00007FF714DB7C2A] 	(No symbol) [0x00007FF714D822D6] 	(No symbol) [0x00007FF714DB7E40] 	(No symbol) [0x00007FF714DE02F3] 	(No symbol) [0x00007FF714DB7A03] 	(No symbol) [0x00007FF714D806D0] 	(No symbol) [0x00007FF714D81983] 	GetHandleVerifier [0x00007FF7152A67CD+3579853] 	GetHandleVerifier [0x00007FF7152BD1D2+3672530] 	GetHandleVerifier [0x00007FF7152B2153+3627347] 	GetHandleVerif",Consent,button.fc-button.fc-cta-consent.fc-primary-button,,964,647,"rgba(0, 0, 0, 1)","rgba(0, 0, 0, 0)",196,38,38
458283894796,307217,champinon.info,2,1,Normal visit,Do not consent,button.fc-button.fc-cta-do-not-consent.fc-secondary-button,,744,647,"rgba(0, 0, 0, 1)","rgba(0, 0, 0, 0)",196,38,38
372356008786,307217,champinon.info,3,1,Normal visit,Manage options,button.fc-button.fc-cta-manage-options,,900,696,"rgba(0, 0, 0, 1)","rgba(0, 0, 0, 0)",105,42.5,42.5
999803932245,326558,fnusa.cz,0,1,Normal visit,Tyto webové stránky používají pro zajištění chodu a analýzu návštěvnosti cookies. V případě omezení cookies nemusí být dostupné všechny funkce webu. Nastavení Přijmout vše Odmítnou vše,,,1442,745,"rgba(51, 51, 51, 1)","rgba(0, 0, 0, 0)",385,143.141,143.141
999803932245,326558,fnusa.cz,1,1,Normal visit,Přijmout vše,a.wt-cli-element.medium.cli-plugin-button.wt-cli-accept-all-btn.cookie_action_close_header.cli_action_button,,1555,854,"rgba(255, 255, 255, 1)","rgba(97, 162, 41, 1)",121.531,29,29
269331594161,326558,fnusa.cz,2,1,Normal visit,Odmítnou vše,a.wt-cli-element.medium.cli-plugin-button.cli-plugin-main-button.cookie_action_close_header_reject.cli_action_button,,1691,854,"rgba(0, 0, 0, 1)","rgba(222, 223, 224, 1)",130.938,29,29
738587223328,326558,fnusa.cz,3,1,Normal visit,Nastavení,a.wt-cli-element.cli_settings_button,,1730,807,"rgba(51, 51, 51, 1)","rgba(0, 0, 0, 0)",auto,auto,auto
492367902386,368234,sam-tk.ru,0,1,# Skipped unreadable,"ОБЪЕДИНЕННАЯ ТРАНСПОРТНАЯ КАРТА ИНФОРМАЦИЯ ПАССАЖИРАМ КОНТАКТЫ ПРАВИЛА СИСТЕМЫ Вы здесь:   Главная БАНКОВСКИЕ КАРТЫ СБЕРБИЛЕТ ПОЕЗДКИ ПО БАНКОВСКИМ КАРТАМ ПАССАЖИРАМ ПРАВИЛА СИСТЕМЫ РЕГИСТРАЦИЯ ЛИЧНЫЙ КАБИНЕТ ВИДЫ КАРТ ПОПОЛНИТЬ БАЛАНС ЧАСТЫЕ ВОПРОСЫ График работы офисов единого оператора «Объединенной транспортной карты» ВНИМАНИЕ! График работы офисов единого оператора «Объединенной транспортной карты» скорректирован в связи с предстоящим праздником. В пятницу, 7 марта: офисы продаж единого оператора в г. Самара будут открыты с 09:00 до 17:00 по адресам: Мориса Тореза, 67а и ул. Крупской д.1; офис продаж в г. Тольятти будет открыт с 09:00 до 17:00 по адресу: ул. Гагарина, 6, офис 211; офис продаж в г. Новокуйбышевск будет открыт с 09:00 до 14:00 по адресу: ул. Молодежная, 1 (офис 221). В субботу, 8 марта, офисы продаж единого оператора работать не будут. Приобрести и пополнить транспортную карту можно не только по указанным адресам, но и через терминалы пополнения транспортной карты, расположенные на ста",NULL,NULL,NULL,NULL,NULL,NULL,NULL,NULL,NULL
79849292795,499603,preslot.com,0,1,No cookie dialog found during visit,,NULL,NULL,NULL,NULL,NULL,NULL,NULL,NULL,NULL
947721412690,502168,jiffymix.com,0,1,No cookie dialog found during visit,,NULL,NULL,NULL,NULL,NULL,NULL,NULL,NULL,NULL
861781145755,513817,a2ztopic.com,0,1,No cookie dialog found during visit,,NULL,NULL,NULL,NULL,NULL,NULL,NULL,NULL,NULL
161193806297,531796,pwr-ads.com,0,1,No cookie dialog found during visit,,NULL,NULL,NULL,NULL,NULL,NULL,NULL,NULL,NULL
858531208893,534554,fiyit-admiral-x.icu,0,1,# Skipped because can't be reached,,,,,,,,,,
469302815490,549531,fedate.com,0,1,Normal visit,"This site uses cookies to enhance your user experience. By using our site, you are giving your consent for us to set cookies. Accept",,,15,890,"rgba(255, 255, 255, 1)","rgba(0, 0, 0, 0)",1857,28.4531,28.4531
469302815490,549531,fedate.com,1,1,Normal visit,Accept,button.btn.btn-min,,1812,890,"rgba(255, 255, 255, 1)","rgba(251, 140, 0, 1)",60,28.4531,28.4531
30916559865,554383,yt5s.tools,0,1,No cookie dialog found during visit,,NULL,NULL,NULL,NULL,NULL,NULL,NULL,NULL,NULL
763821288199,587460,mrdowling.com,0,1,No cookie dialog found during visit,,NULL,NULL,NULL,NULL,NULL,NULL,NULL,NULL,NULL
575978242188,603158,dafontvn.com,0,1,Normal visit,"Deze site gebruikt cookies van Google om services te leveren en verkeer te analyseren. Je IP-adres en user-agent worden met Google gedeeld, samen met prestatie- en beveiligingsstatistieken om servicekwaliteit te garanderen, gebruiksstatistieken te genereren, misbruik te detecteren en maatregelen te treffen.MEER INFORMATIEIK SNAP HET",,,0,10,"rgba(255, 255, 255, 1)","rgba(0, 0, 0, 0)",1887,87.2188,87.2188
575978242188,603158,dafontvn.com,1,1,Normal visit,IK SNAP HET,a.cookie-choices-button,,1393,43,"rgba(238, 238, 238, 1)","rgba(0, 0, 0, 0)",auto,auto,auto
134052406084,603722,keep.com,0,1,# Skipped unreadable,运动课程 了解 Keep 产品和服务 运动档案 可持续发展 新闻动态 投资者关系 中 | EN  Keep App 在 Keep App 体验海量的运动课程和专业的运动工具，和社区的好友一起随时随地跟练、记录和分享，尽享专属于你的运动时刻。 运动消耗 569/ 600 千卡 饮食摄入 1200/ 1400 千卡 Keep 商城 专业健身器材和运动装备，丰富的健康食品，Keep 商城一站式解决吃穿用练需求。 天猫旗舰店 京东旗舰店 Keep 商城 Keep 智能硬件 数据与硬件交互联动，体验升级，跟着 Keep 智能硬件一起运动，越动越懂你。 哪有什么天生如此，只是我们天天坚持 自律给我自由 关于 关于我们 加入我们 联系方式 用户协议 隐私政策 证照信息 廉洁举报 产品与服务 App 消费品 智能硬件 运动档案 其他 Keep 可持续发展 媒体 规范说明 社区规范 用户公约 规则百科 侵权投诉说明  2014-2025 © Keep All Rights Reserved.北京卡路里科技有限公司 京ICP备14051192号 京ICP备14051192号-20 京ICP证160770号 京ICP备14051192号-10A京公网安备 11010502054474号京网文〔2019〕4084-422号 节目制作经营许可证京字11855号 网络文化经营许可证 出版物经营许可证（新出发经批字第直220066号） 营业执照（911101053179472352） 如果您在 Keep 发现违法违规内容， 请您向我们举报！ 未成年守护 / 违法有害举报电话：010-86399205 举报邮箱：report@keep.com App 使用 / 赛事 / 商城反馈电话：4006 - 321 - 666（服务时间 9:00-21:00） 地址：北京市朝阳区万科时代中心 D 座组织机构代码：911101053179472352联系方式：4006-321-666食品经营许可证号：JY11105262818849,NULL,NULL,NULL,NULL,NULL,NULL,NULL,NULL,NULL
87091666149,608216,dragon-shop.ir,0,1,# Skipped unreadable,"فروشگاه حضوری در تمام ایام تعطیلات از ۱۰ صبح تا ۱۰ شب دایر می باشد. ورود | ثبت‌نام دسته‌بندی محصولات فروش ویژه دراگون لند خرید اقساطی تماس با ما درباره ما مجله دراگون شاپ ۰۲۱-۹۱۰۳۵۳۹0 پیشنهادهای شگفت انگیز: مشاهده همه اکشن فیگور گروگو و استاد یودا Star Wars Grogu Master Yoda 3,900,000 تومان زمان باقی مانده 28 : 50 : 43 صندلی گیمینگ DXRacer Drifting 2025 L Black Red 27,900,000 تومان 1% 27,490,000 تومان گارانتی اصلی کولر پردازنده DeepCool AG300 1,500,000 تومان زمان باقی مانده 28 : 50 : 43 میکروفن استیل سریز Steelseries ALIAS 16,700,000 تومان 4% 15,890,000 تومان زمان باقی مانده 28 : 50 : 43 میکروفن HyperX QuadCast 12,600,000 تومان 6% 11,800,000 تومان کولر پردازنده DeepCool AG200 990,000 تومان خرید براساس دسته بندی ها پلی استیشن 5 قطعات کامپیوتر صندلی گیمینگ هدست کیبورد مانیتور میز و صندلی های گیمینگ مشاهده همه گارانتی اصلی صندلی گیمینگ Razer Iskur V2 Green (اسمبل شده) 57,900,000 تومان میز گیمینگ Twisted Minds WARRIOR L Shaped RGB Right 47,500,000 تومان 15% 39,990,000 تومان میز گیمینگ ارتفاع برقی DxRacer Tida",NULL,NULL,NULL,NULL,NULL,NULL,NULL,NULL,NULL
607726108532,613348,vavada-nmll.buzz,0,1,# Skipped unreadable,"ВОЙТИ Регистрация Личный кабинет Мобильная версия Бонусы Зеркало на 25.03.2025 ОФИЦИАЛЬНЫЙ САЙТ VAVADA CASINO, ЗЕРКАЛО РАБОЧЕЕ ВАВАДА Современная платформа Vavada является актуальной развлекательной площадкой, которую выбирают геймеры. Новички и мастера гемблинга смогут получить запоминающиеся впечатления. Когда запускают вавада казино, получают потрясающие воображение впечатления. Хочется делать ставки? Вавада предоставляет возможность посетителям. Приоритетом становится бесплатная игра? Она доступна. ПЕРЕЙТИ НА VAVADA Гемблерам нравится vavada казино, где подобраны аппараты ведущих производителей, имеющих репутацию. Посещая Vavada официальный сайт, клиент приобретает опыт, множество возможностей приятно провести время. 2 тысячи слотов – основа каталога, который пополняется новыми предложениями. Официальный сайт Vavada предлагает геймерам выбирать подходящие их интересам предложения. Имеется система фильтрации аппаратов. Клиенты казино вавада обеспечены интересными турнирами, бонусными акциями. Выбор лож",NULL,NULL,NULL,NULL,NULL,NULL,NULL,NULL,NULL
24516961177,640501,dk3.com,0,1,No cookie dialog found during visit,,NULL,NULL,NULL,NULL,NULL,NULL,NULL,NULL,NULL
130239562592,653576,freshcasinoofficial1.win,0,1,# Skipped because can't be reached,,,,,,,,,,
984432140451,657851,mostbet-wjf7.top,0,1,No cookie dialog found during visit,,NULL,NULL,NULL,NULL,NULL,NULL,NULL,NULL,NULL
603948266248,672676,cepymenews.es,0,1,Normal visit,"INFORMACIÓN IMPORTANTE SOBRE COOKIES Este portal web de cepymenews.es utiliza cookies propias y de terceros para recopilar información que ayuda a optimizar su visita. Las cookies no se utilizan para recoger información de carácter personal. Usted puede permitir su uso o rechazarlo, también puede cambiar su configuración siempre que lo desee. Dispone de más información en nuestra Política de Cookies. Acepto Configurar",,,0,638,"rgba(0, 0, 0, 1)","rgba(255, 255, 255, 0.9)",200,273,273
603948266248,672676,cepymenews.es,1,1,Normal visit,Acepto,button.cookiesOk,,15,876,"rgba(255, 255, 255, 1)","rgba(0, 0, 0, 1)",69.0469,27,27
238097243540,672676,cepymenews.es,3,1,Normal visit,Configurar,a,,97,881,"rgba(51, 51, 51, 1)","rgba(0, 0, 0, 0)",auto,auto,auto
77283192499,742971,tsinfo.xyz,0,1,No cookie dialog found during visit,,NULL,NULL,NULL,NULL,NULL,NULL,NULL,NULL,NULL
115524660686,775783,sabbath.school,0,1,No cookie dialog found during visit,,NULL,NULL,NULL,NULL,NULL,NULL,NULL,NULL,NULL
996596565416,792670,carolblogtw.com,0,1,# Skipped unreadable,Skip to content 國內旅遊 日本旅遊 亞洲旅遊 歐洲旅遊 台灣美食 購物開箱 各種心得 關於卡蘿 TOGGLE WEBSITE SEARCH 亞洲旅遊 / 富國島旅遊 【富國島潛水推薦】新手體驗2個潛點/旅行社推薦/實際潛水心得 前往富國島旅遊，可以體驗相當多水上活動，其中我最喜歡的就是潛水！在富國島潛水是新手也可以體驗的，如果你持有潛水證照，也有... 2025 年 3 月 24 日 日本旅遊 / 熊本旅遊 【阿蘇男孩】預約教學、列車設施介紹：超可愛小黑狗觀光列車！ 阿蘇男孩あそぼーい（Aso boy），是一台來回熊本和阿蘇（宮地）的JR九州觀光列車，列車主題是一隻非常可愛的小黑狗「小... 2025 年 3 月 22 日 日本旅遊 / 熊本旅遊 【熊本機場交通】從機場去市區巴士/票價付款/在機場買交通卡 台灣有直飛熊本機場！抵達熊本機場後，搭公車約1小時即可抵達市區，直達巴士相當方便。本篇文章將分享熊本機場交通，包含機場巴... 2025 年 3 月 21 日 日本旅遊 【JR西日本訂票教學】網路預訂/劃位座位圖/實際窗口取票分享 JR西日本怎麼買票？JR西日本範圍約是大阪以西的本州地區，前往京阪神等地區都有機會搭到！甚至是JR九州的區域也可以訂票。... 2025 年 3 月 19 日 匈牙利旅遊 / 歐洲旅遊 【聖伊什特萬聖殿】門票購買/開放時間/千年王之聖右手 聖伊什特萬聖殿為布達佩斯最大教堂，以匈牙利第一位國王命名，裡面存放國王的右手，是教堂非常重要的聖物。本篇文章將分享聖伊什... 2025 年 3 月 17 日 宮崎旅遊 / 日本旅遊 【宮崎機場】市區去機場交通/宮崎機場免稅店/航班報到流程 台灣有航班直飛宮崎機場，其實宮崎機場交通超方便，從宮崎機場去市區只要10幾分鐘！本篇文章將分享宮崎機場交通方式，只要搭J... 2025 年 3 月 15 日 冰島旅遊 / 歐洲旅遊 【冰島自由行2025】行程安排/冰島景點美食/注意事項/總花費 冰島位於北歐，是個擁有豐富地貌的國家，窗外的景色變幻莫測，每個畫面都像明信片，讓人去完還想再去！本篇文章將分享冰島自由行... 2025 年 3 月 13 日 日本旅遊 【九州必買】25個九州伴手禮推薦：福岡/熊本/鹿兒島等7縣 25個九州必買伴手禮推薦！九州各縣都非常有特色，也有很多當地特別的伴手禮，九州7縣我都有去過，實際前往買了超多紀念品,NULL,NULL,NULL,NULL,NULL,NULL,NULL,NULL,NULL
105673041846,806245,fullpartituras.com,0,1,Normal visit,"Full Partituras solicita tu consentimiento para usar tus datos personales con estos objetivos: Publicidad y contenido personalizados, medición de publicidad y contenido, investigación de audiencia y desarrollo de servicios Almacenar la información en un dispositivo y/o acceder a ella Más información Tus datos personales se tratarán y la información de tu dispositivo (cookies, identificadores únicos y otros datos del dispositivo) podrá ser almacenada, consultada y compartida con 132 proveedores aprobados por el TCF y 65 partners publicitarios o utilizada específicamente por este sitio o aplicación. Es posible que algunos proveedores traten tus datos personales en virtud de un interés legítimo, algo a lo que puedes oponerte gestionando tus opciones a continuación. En la parte inferior de esta página, busca un enlace para gestionar o retirar el consentimiento en la configuración de privacidad y cookies. Aceptar Gestionar opciones Cerrar",,,0,0,"rgba(0, 0, 0, 1)","rgba(0, 0, 0, 0)",1904,933,933
105673041846,806245,fullpartituras.com,1,1,"Message: element click intercepted: Element <button class=""fc-button fc-cta-consent fc-primary-button"" role=""button"" aria-label=""Aceptar"" tabindex=""0"">...</button> is not clickable at point (1062, 711). Other element would receive the click: <div class=""fc-help-dialog-overlay""></div>   (Session info: chrome=134.0.6998.119) Stacktrace: 	GetHandleVerifier [0x00007FF715244C25+3179557] 	(No symbol) [0x00007FF714EA88A0] 	(No symbol) [0x00007FF714D391CA] 	(No symbol) [0x00007FF714D97929] 	(No symbol) [0x00007FF714D952E2] 	(No symbol) [0x00007FF714D92381] 	(No symbol) [0x00007FF714D91281] 	(No symbol) [0x00007FF714D82A24] 	(No symbol) [0x00007FF714DB7C2A] 	(No symbol) [0x00007FF714D822D6] 	(No symbol) [0x00007FF714DB7E40] 	(No symbol) [0x00007FF714DE02F3] 	(No symbol) [0x00007FF714DB7A03] 	(No symbol) [0x00007FF714D806D0] 	(No symbol) [0x00007FF714D81983] 	GetHandleVerifier [0x00007FF7152A67CD+3579853] 	GetHandleVerifier [0x00007FF7152BD1D2+3672530] 	GetHandleVerifier [0x00007FF7152B2153+3627347] 	GetHandleVerif",Aceptar,button.fc-button.fc-cta-consent.fc-primary-button,,964,692,"rgba(0, 0, 0, 1)","rgba(0, 0, 0, 0)",196,38,38
848436280128,806245,fullpartituras.com,2,1,# css_element not found,Cerrar,button.fc-help-dialog-close-button,,756,478,"rgba(0, 0, 0, 1)","rgba(255, 255, 255, 0)",392,32,32
826302877136,806245,fullpartituras.com,3,1,Normal visit,Gestionar opciones,button.fc-button.fc-cta-manage-options.fc-secondary-button,,744,692,"rgba(0, 0, 0, 1)","rgba(0, 0, 0, 0)",196,38,38
433824195768,814693,jakartainsider.id,0,1,Normal visit,"Welkom Deze site vraagt toestemming om uw gegevens te gebruiken Gepersonaliseerde advertenties en content, advertentie- en contentmetingen, doelgroepenonderzoek en ontwikkeling van diensten Informatie op een apparaat opslaan en/of openen Meer informatie Uw persoonsgegevens worden verwerkt en informatie van uw apparaat (cookies, unieke ID's en andere apparaatgegevens) kan worden opgeslagen, geopend door en gedeeld met 132 TCF-leverancier(s) en 65 advertentiepartner(s) of specifiek door deze site of app worden gebruikt. Bepaalde leveranciers kunnen uw persoonsgegevens verwerken op basis van gerechtvaardigd belang. U kunt hiertegen bezwaar maken door uw opties hieronder te beheren. Zoek onderaan deze pagina naar een link om uw toestemming in te trekken of te beheren via de privacy- en cookie-instellingen. Toestemming Opties beheren",,,696,202,"rgba(0, 0, 0, 1)","rgba(255, 255, 255, 1)",510,528,528
433824195768,814693,jakartainsider.id,1,1,Normal visit,Toestemming,button.fc-button.fc-cta-consent.fc-primary-button,,964,670,"rgba(0, 0, 0, 1)","rgba(0, 0, 0, 0)",196,38,38
892072377279,814693,jakartainsider.id,3,1,Normal visit,Opties beheren,button.fc-button.fc-cta-manage-options.fc-secondary-button,,744,670,"rgba(0, 0, 0, 1)","rgba(0, 0, 0, 0)",196,38,38
469749193018,820848,liquidostore.com.br,0,1,Normal visit,Este site salva seu histórico de uso. Ao continuar navegando você concorda com a nossa política de privacidade. Concordo,,,0,855,"rgba(255, 255, 255, 1)","rgba(27, 27, 27, 1)",1887,78,78
469749193018,820848,liquidostore.com.br,1,1,Normal visit,Concordo,a,,1282,875,"rgba(0, 0, 0, 1)","rgba(255, 255, 255, 1)",80.5781,38,38
98210416674,840346,rongho99.com,0,1,No cookie dialog found during visit,,NULL,NULL,NULL,NULL,NULL,NULL,NULL,NULL,NULL
50052000524,842342,scb711.com,0,1,# Skipped unreadable,หน้าหลัก สมัครสมาชิก เข้าสู่ระบบ ฝาก-ถอน โปรพิเศษ ติดต่อเรา Previous Next โปรโมชั่นพิเศษ     เว็บ คาสิโนออนไลน์ โปรโมชั่นสุดคุ้มต้องที่เว็บเรา  เดิมพันกีฬา แทงบอลออนไลน์ โปรโมชั่นสุดคุ้ม มั่นใจได้ เรื่อง ระบบการเงิน ฝาก-ถอน AI ภายใน 1 วินาที  แทงบอลออนไลน์ ได้แล้ววันนี้กับทีมงานเว็บเราที่มีโปรโมชั่นหลากหลายให้เลือก เพียงแค่คุณสมัครเข้ามาเป็นสมาชิกและแนะนำเพื่อนเข้ามายังเว็บไซต์ของเราคุณก็จะได้รับเงินโบนัสจากเรามากมาย อีกทั้งเรายังมีโบนัสกันแบบฟรีๆเมื่อเติมเครดิตครั้งแรกในการสมัครสมาชิก จัดเต็มสำหรับสมาชิกที่ได้สมัครสมาชิกใหม่ เพื่อให้คุณได้ใช้เป็นเงินจริงในการวางเดิมพันทั้งกีฬาและคาสิโนแล้วแต่ความชื่นชอบ เราเป็นเว็บที่มีตารางการแข่งขันฟุตบอลทุกนัดจากทุกลีก ทั้งบอลลีกระดับชั้นนำทั่วโลกอย่างลีกอังกฤษ สเปน เยอรมัน ฝรั่งเศส และบอลระดับลีกที่เราไม่ได้รู้จัก ให้คุณเลือกแทงบอลกันได้อย่างไม่จำกัด และ กีฬาอื่นๆ ครบวงจร pgslot สล็อตออนไลน์ สล็อตpg สูตรสล็อตโปรแกรมช่วยเล่นสล็อต การเล่นสล็อตไม่ยาก สล็อตสนุกไหม รวมจบครบทุกค่ายเกมส์ เวปสล็อตที่มีค่ายเกมส์เยอะที่สุดในโลก สล็อตง่าย เล่นสล็อตได้ สมัครสล็อต slotxo pgslot l,NULL,NULL,NULL,NULL,NULL,NULL,NULL,NULL,NULL
56810362351,850939,thuonghieusanpham.vn,0,1,No cookie dialog found during visit,,NULL,NULL,NULL,NULL,NULL,NULL,NULL,NULL,NULL
968620329403,864063,hwadamsup.com,0,1,# Skipped unreadable,화담숲 화담채 이용안내 공지사항 온라인 예매 KR 09:00~18:00(입장마감 17:00) 예매조회/취소 예매하기 화담숲과 함께 프로그램 이벤트 지금 화담숲은  오시는 길 자주하는 질문 이용약관 개인정보처리방침 영상정보처리기기 운영관리방침 화담숲 주소 경기도 광주시 도척면 도척윗로 278-1 대표 강유식 사업자등록번호 126-82-11896 통신판매번호 2022-경기광주-0765 대표전화 031-8026-6666 이메일 hwadam@dnocorp.com 사업자 정보확인 Copyright © 2023 LG Foundation. All Rights Reserved.,NULL,NULL,NULL,NULL,NULL,NULL,NULL,NULL,NULL
937041832251,887904,walkerfoodjrny.com,0,1,No cookie dialog found during visit,,NULL,NULL,NULL,NULL,NULL,NULL,NULL,NULL,NULL
966698788743,891180,calmair.com,0,1,No cookie dialog found during visit,,NULL,NULL,NULL,NULL,NULL,NULL,NULL,NULL,NULL
130920857576,893868,thecronosgroup.com,0,1,No cookie dialog found during visit,,NULL,NULL,NULL,NULL,NULL,NULL,NULL,NULL,NULL
482866127781,940872,sistemikan.com,0,1,No cookie dialog found during visit,,NULL,NULL,NULL,NULL,NULL,NULL,NULL,NULL,NULL
864949800525,970341,onlinepiping.com,0,1,No cookie dialog found during visit,,NULL,NULL,NULL,NULL,NULL,NULL,NULL,NULL,NULL
